Year,Average Temperature,Average Relative Humidity,Average Rain (mm)
2003,22.5,65,850
2004,23,68,920
2005,21.8,70,880
2006,22.2,66,870
2007,22.6,67,860
2008,21,75,940
2009,21.5,74,910
2010,22.8,66,860
2011,21.7,72,890
2012,22,69,870
2013,21.9,70,880
2014,22.3,67,860
2015,21.4,73,900
2016,21.3,74,915
2017,23.1,65,930
2018,23,66,925
2019,22.4,68,870
2020,22.7,66,880
2021,23.3,64,950
2022,22.9,67,860
2022,22.1,71,890
